
[
    {
        "pNo" : "CPL10",
        "partner" : "Capella",
        "contractId" : "80MC5040",
        "lastmodifieddate" : "02/18/2020"
    },
    {
        "pNo" : "CPL11",
        "partner" : "Capella",
        "contractId" : "80MC5040",
        "lastmodifieddate" : "02/18/2020"
    },
    {
        "pNo" : "CPL12",
        "partner" : "Capella",
        "contractId" : "80MC5040",
        "lastmodifieddate" : "02/18/2020"
    },
    {
        "pNo" : "CPL13",
        "partner" : "Capella",
        "contractId" : "80MC5040",
        "lastmodifieddate" : "02/18/2020"
    },
    {
        "pNo" : "CPL14",
        "partner" : "Capella",
        "contractId" : "80MC5040",
        "lastmodifieddate" : "02/18/2020"
    },
    {
        "pNo" : "CPL15",
        "partner" : "Capella",
        "contractId" : "80MC5040",
        "lastmodifieddate" : "02/18/2020"
    },
    {
        "pNo" : "CPL16",
        "partner" : "Capella",
        "contractId" : "80MC5040",
        "lastmodifieddate" : "02/18/2020"
    },
    {
        "pNo" : "CPL17",
        "partner" : "Capella",
        "contractId" : "80MC5040",
        "lastmodifieddate" : "02/18/2020"
    }
]